duration,protocol_type,service,flag,src_bytes,dst_bytes,land,wrong_fragment,urgent,hot,num_failed_logins,logged_in,num_compromised,root_shell,su_attempted,num_root,num_file_creations,num_shells,num_access_files,num_outbound_cmds,is_host_login,is_guest_login,count,srv_count,serror_rate,srv_serror_rate,rerror_rate,srv_rerror_rate,same_srv_rate,diff_srv_rate,srv_diff_host_rate,dst_host_count,dst_host_srv_count,dst_host_same_srv_rate,dst_host_diff_srv_rate,dst_host_same_src_port_rate,dst_host_srv_diff_host_rate,dst_host_serror_rate,dst_host_srv_serror_rate,dst_host_rerror_rate,dst_host_srv_rerror_rate
0.0,0.5,0.3384615384615385,0.9,7.865866184742226e-05,0.0016126566977042,0.0,0.0,0.0,0.0666666666666666,0.0,1.0,0.001131221719457,0.0,0.0,0.0,0.0,0.0,0.0,0.0,0.0,0.0,0.0058708414872798,0.0058708414872798,0.0,0.0,0.0,0.0,1.0,0.0,0.0,0.2039215686274509,0.2039215686274509,1.0,0.0,0.02,0.0,0.0,0.0,0.23,0.23
3.4288261413705015e-05,0.5,0.7692307692307693,0.9,2.1892894881625777e-06,7.021670971481153e-05,0.0,0.0,0.0,0.0,0.0,1.0,0.0,0.0,0.0,0.0,0.0,0.0,0.0,0.0,0.0,0.0,0.0019569471624266,0.0019569471624266,0.0,0.0,0.0,0.0,1.0,0.0,0.0,0.2078431372549019,0.3411764705882353,0.64,0.06,0.02,0.02,0.0,0.0,0.0,0.0
0.0,0.5,0.3384615384615385,0.9,4.6006808084575926e-07,0.0003000697511845,0.0,0.0,0.0,0.0,0.0,1.0,0.0,0.0,0.0,0.0,0.0,0.0,0.0,0.0,0.0,0.0,0.0254403131115459,0.0254403131115459,0.0,0.0,0.0,0.0,1.0,0.0,0.0,0.0627450980392156,1.0,1.0,0.0,0.06,0.09,0.0,0.0,0.0,0.0
0.0,0.5,0.3384615384615385,0.9,3.446905057120265e-07,0.0012315079833683,0.0,0.0,0.0,0.0,0.0,1.0,0.0,0.0,0.0,0.0,0.0,0.0,0.0,0.0,0.0,0.0,0.0273972602739726,0.0293542074363992,0.0,0.0,0.0,0.0,1.0,0.0,0.13,0.2666666666666666,1.0,1.0,0.0,0.01,0.05,0.0,0.0,0.0,0.0
0.0,0.5,0.6923076923076923,0.5,0.0,0.0,0.0,0.0,0.0,0.0,0.0,0.0,0.0,0.0,0.0,0.0,0.0,0.0,0.0,0.0,0.0,0.0,0.5088062622309197,0.0019569471624266,1.0,1.0,0.0,0.0,0.0,0.06,0.0,1.0,0.0039215686274509,0.0,0.07,0.0,0.0,1.0,1.0,0.0,0.0
